"","Resident","Introduced","Location","Initials","Is.it.Weird.Y.N","Why.is.it.weird","IssueFlag","ResidentArea","IntroducedArea","OverlapArea","IntroducedPerCentOverlap"
"1","Alytes dickhilleni","Alytes obstetricans","['Spain']","SM","Y","single introduced sp. possibly hybridizing with multiple resident ones","No Issue",38139775391.3639,1951940303042.34,868459218.199836,"  2.2770433472"
"2","Alytes muletensis","Alytes obstetricans","['Spain']","SM","Y","single introduced sp. possibly hybridizing with multiple resident ones","Zero or Negative Overlap",166400677.377314,1951940303042.34,0,"  0.0000000000"
"3","Ambystoma californiense","Ambystoma mavortium","[' United States of America - California']","SM","Y","single introduced sp. possibly hybridizing with multiple resident ones","Zero or Negative Overlap",61072817181.6071,6619633437827.1,0,"  0.0000000000"
"4","Ambystoma gracile","Ambystoma mavortium","[' United States of America - California', ' United States of America - Oregon', ' United States of America - Washington']","SM","Y","single introduced sp. possibly hybridizing with multiple resident ones","Zero or Negative Overlap",786836036499.5,6619633437827.1,0,"  0.0000000000"
"5","Ambystoma macrodactylum","Ambystoma mavortium","[' United States of America - California', ' United States of America - Oregon', ' United States of America - Washington']","SM","Y","single introduced sp. possibly hybridizing with multiple resident ones","No Issue",3510641338034.42,6619633437827.1,440853729101.489," 12.5576408027"
"6","Ambystoma mavortium","Ambystoma mavortium","[' United States of America - Nevada', ' United States of America - Oregon', ' United States of America - Washington']","SM","Y","Introduced is the same as the resident","No Issue",6619633437827.1,6619633437827.1,6619633437827.07,"100.0000000000"
"7","Andrias japonicus","Andrias sligoi","['Japan']","SM","N","","Zero or Negative Overlap",84489797163.2195,84428120575.8898,0,"  0.0000000000"
"8","Aquarana catesbeiana","Aquarana catesbeiana","[' United States of America', ' United States of America - Iowa', ' United States of America - Minnesota', ' United States of America - New Mexico']","SM","Y","Introduced is the same as the resident","No Data Available",0,0,0,"           NaN"
"9","Aquarana catesbeiana","Aquarana clamitans","['Canada', ' United States of America - Iowa']","SM","Y","Flipped hybridization with row below","No Data Available",0,0,0,"           NaN"
"10","Aquarana clamitans","Aquarana catesbeiana","[' United States of America', ' United States of America - Iowa', ' United States of America - Minnesota']","SM","Y","Flipped hybridization with row above","No Data Available",0,0,0,"           NaN"
"11","Aquarana clamitans","Aquarana clamitans","['Canada', ' United States of America - Iowa']","SM","Y","Introduced is the same as the resident","No Issue",6703207074692.76,6703207074692.76,6703207074692.57,"100.0000000000"
"12","Aquarana septentrionalis","Aquarana catesbeiana","[' United States of America', ' United States of America - Minnesota']","SM","N","","No Data Available",0,0,0,"           NaN"
"13","Aquarana septentrionalis","Aquarana clamitans","['Canada']","SM","N","","No Issue",4501803237870.67,6703207074692.76,2469885618679.11," 54.8643618606"
"14","Bufo formosus","Bufo formosus","['Japan']","SM","Y","Introduced is the same as the resident","No Data Available",0,0,0,"           NaN"
"15","Bufo formosus","Bufo gargarizans","['Japan']","SM","N","","No Data Available",0,0,0,"           NaN"
"16","Bufo praetextatus","Bufo formosus","['Japan']","SM","N","","No Data Available",0,0,0,"           NaN"
"17","Bufo praetextatus","Bufo gargarizans","['Japan']","SM","N","","No Data Available",0,0,0,"           NaN"
"18","Bufo torrenticola","Bufo formosus","['Japan']","SM","N","","No Data Available",0,0,0,"           NaN"
"19","Bufo torrenticola","Bufo gargarizans","['Japan']","SM","N","","Zero or Negative Overlap",32273174845.6548,8411999823173.01,0,"  0.0000000000"
"20","Discoglossus galganoi","Discoglossus pictus","[' Spain']","SM","Y","single introduced sp. possibly hybridizing with multiple resident ones","Zero or Negative Overlap",835930807650.644,539188200921.052,0,"  0.0000000000"
"21","Discoglossus montalentii","Discoglossus pictus","['France']","SM","Y","single introduced sp. possibly hybridizing with multiple resident ones","Zero or Negative Overlap",7538957160.17205,539188200921.052,0,"  0.0000000000"
"22","Discoglossus sardus","Discoglossus pictus","['France']","SM","Y","single introduced sp. possibly hybridizing with multiple resident ones","Zero or Negative Overlap",57228623590.335,539188200921.052,0,"  0.0000000000"
"23","Discoglossus scovazzi","Discoglossus pictus","[' Spain']","SM","Y","single introduced sp. possibly hybridizing with multiple resident ones","No Issue",256797471777.186,539188200921.052,13088144192.4552,"  5.0966795358"
"24","Dryophytes arenicolor","Dryophytes cinereus","[' United States of America - Texas']","SM","Y","single introduced sp. possibly hybridizing with multiple resident ones","No Issue",1719603953034.27,1806370914705.18,12465782.0743129,"  0.0007249217"
"25","Dryophytes avivoca","Dryophytes cinereus","[' United States of America - Missouri']","SM","Y","single introduced sp. possibly hybridizing with multiple resident ones","No Issue",634329677519.911,1806370914705.18,596125797125.611," 93.9772831466"
"26","Dryophytes chrysoscelis","Dryophytes cinereus","[' United States of America - Missouri', ' United States of America - Texas']","SM","Y","single introduced sp. possibly hybridizing with multiple resident ones","No Issue",6272503001107.12,1806370914705.18,1585226619740.3," 25.2726323042"
"27","Dryophytes cinereus","Dryophytes cinereus","[' United States of America - Missouri', ' United States of America - Texas']","SM","Y","Introduced is the same as the resident","No Issue",1806370914705.18,1806370914705.18,1806370914705.18,"100.0000000000"
"28","Dryophytes squirellus","Dryophytes cinereus","[' United States of America - Texas']","SM","Y","single introduced sp. possibly hybridizing with multiple resident ones","No Issue",1029448148239.49,1806370914705.18,995145320462.108," 96.6678430734"
"29","Dryophytes versicolor","Dryophytes cinereus","[' United States of America - Missouri', ' United States of America - Texas']","SM","Y","single introduced sp. possibly hybridizing with multiple resident ones","No Issue",4075350546521.28,1806370914705.18,361142557714.344,"  8.8616317441"
"30","Duttaphrynus melanostictus","Duttaphrynus melanostictus","[' Indonesia']","SM","Y","Introduced is the same as the resident","No Issue",8387633191781.41,8387633191781.41,8387633191780.86,"100.0000000000"
"31","Eleutherodactylus antillensis","Eleutherodactylus coqui","[' Virgin Islands', ' U.S.']","SM","N","","No Issue",10418579802.6165,14871279175.065,10282119451.1266," 98.6902211811"
"32","Eleutherodactylus antillensis","Eleutherodactylus johnstonei","[' Virgin Islands', ' British', ' U.S.']","SM","N","","No Issue",10418579802.6165,92945622112.3426,82137630.6425783,"  0.7883764601"
"33","Eleutherodactylus campi","Eleutherodactylus campi","[' United States of America - Texas']","SM","Y","Introduced is the same as the resident","No Issue",614606416272.408,614606416272.408,614606416272.41,"100.0000000000"
"34","Eleutherodactylus campi","Eleutherodactylus coqui","[' United States of America']","SM","N","","Zero or Negative Overlap",614606416272.408,14871279175.065,0,"  0.0000000000"
"35","Eleutherodactylus campi","Eleutherodactylus planirostris","[' United States of America', ' United States of America - Texas']","SM","N","","No Issue",614606416272.408,411651006944.106,38918158944.558,"  6.3322083718"
"36","Eleutherodactylus cochranae","Eleutherodactylus coqui","[' Virgin Islands', ' U.S.']","SM","N","","No Issue",4393727542.27168,14871279175.065,4299001073.69898," 97.8440522845"
"37","Eleutherodactylus cochranae","Eleutherodactylus johnstonei","[' Virgin Islands', ' British', ' U.S.']","SM","N","","No Issue",4393727542.27168,92945622112.3426,61930092.033932,"  1.4095114328"
"38","Eleutherodactylus guttilatus","Eleutherodactylus campi","[' United States of America - Texas']","SM","N","","No Issue",85922320339.5711,614606416272.408,4845170567.62541,"  5.6390127134"
"39","Eleutherodactylus guttilatus","Eleutherodactylus coqui","[' United States of America']","SM","N","","Zero or Negative Overlap",85922320339.5711,14871279175.065,0,"  0.0000000000"
"40","Eleutherodactylus guttilatus","Eleutherodactylus planirostris","[' United States of America', ' United States of America - Texas']","SM","N","","Zero or Negative Overlap",85922320339.5711,411651006944.106,0,"  0.0000000000"
"41","Eleutherodactylus johnstonei","Eleutherodactylus martinicensis","['Antigua and Barbuda']","SM","N","","No Issue",92945622112.3426,3946626903.9886,3079665427.03291,"  3.3134055774"
"42","Eleutherodactylus lentus","Eleutherodactylus coqui","[' Virgin Islands', ' U.S.']","SM","N","","No Issue",295348004.961644,14871279175.065,285400103.501537," 96.6318034004"
"43","Eleutherodactylus lentus","Eleutherodactylus johnstonei","[' British', ' Virgin Islands', ' U.S.']","SM","N","","Zero or Negative Overlap",295348004.961644,92945622112.3426,0,"  0.0000000000"
"44","Eleutherodactylus leprus","Eleutherodactylus planirostris","[' Mexico']","SM","N","","No Issue",115526290461.222,411651006944.106,1068513797.1472,"  0.9249096399"
"45","Eleutherodactylus marnockii","Eleutherodactylus campi","[' United States of America - Texas']","SM","N","","No Issue",237466771120.637,614606416272.408,41989111638.3284," 17.6820998745"
"46","Eleutherodactylus marnockii","Eleutherodactylus planirostris","[' United States of America - Texas']","SM","N","","Zero or Negative Overlap",237466771120.637,411651006944.106,0,"  0.0000000000"
"47","Eleutherodactylus martinicensis","Eleutherodactylus johnstonei","[' Martinique']","SM","N","","No Issue",3946626903.9886,92945622112.3426,3079665427.03289," 78.0328493661"
"48","Eleutherodactylus pipilans","Eleutherodactylus planirostris","[' Mexico']","SM","N","","Zero or Negative Overlap",68871367161.7276,411651006944.106,0,"  0.0000000000"
"49","Eleutherodactylus rubrimaculatus","Eleutherodactylus planirostris","[' Mexico']","SM","N","","Zero or Negative Overlap",12639193875.7811,411651006944.106,0,"  0.0000000000"
"50","Eleutherodactylus schwartzi","Eleutherodactylus coqui","[' Virgin Islands', ' U.S.']","SM","N","","No Issue",160656360.069717,14871279175.065,55159248.2069754," 34.3336847561"
"51","Eleutherodactylus schwartzi","Eleutherodactylus johnstonei","[' British', ' Virgin Islands', ' U.S.']","SM","N","","No Issue",160656360.069717,92945622112.3426,59377502.4765457," 36.9593226504"
"52","Fejervarya cancrivora","Fejervarya cancrivora","[' Indonesia']","SM","Y","Introduced is the same as the resident","No Issue",990869445335.459,990869445335.459,1326496996602.08,"133.8720255072"
"53","Fejervarya iskandari","Fejervarya cancrivora","[' Indonesia']","SM","Y","single introduced sp. possibly hybridizing with multiple resident ones","No Issue",1025400474.78792,990869445335.459,446092260.47526," 43.5041987442"
"54","Fejervarya limnocharis","Fejervarya cancrivora","[' Indonesia']","SM","Y","single introduced sp. possibly hybridizing with multiple resident ones","No Issue",6990850825203.99,990869445335.459,910745432309.873," 13.0276765315"
"55","Fejervarya moodiei","Fejervarya cancrivora","[' Philippines']","SM","Y","single introduced sp. possibly hybridizing with multiple resident ones","No Issue",250853618255.68,990869445335.459,326389605.286775,"  0.1301115796"
"56","Fejervarya sakishimensis","Fejervarya kawamurai","['Japan']","SM","N","","Zero or Negative Overlap",952683665.729608,2594951032866.13,0,"  0.0000000000"
"57","Fejervarya verruculosa","Fejervarya cancrivora","[' Indonesia']","SM","N","","No Issue",46682674850.7297,990869445335.459,29341009662.93," 62.8520318443"
"58","Hoplobatrachus chinensis","Hoplobatrachus chinensis","[' Malaysia']","SM","Y","Introduced is the same as the resident","No Data Available",0,0,0,"           NaN"
"59","Hyla arborea","Hyla orientalis","[' Netherlands']","SM","N","","No Issue",3955136110265.39,3877723547126.38,198257778610.257,"  5.0126663933"
"60","Hylarana baramica","Hylarana guentheri","[' Singapore']","NF","Y","single introduced sp. possibly hybridizing with multiple resident ones","No Data Available",0,0,0,"           NaN"
"61","Hylarana erythraea","Hylarana guentheri","[' Singapore']","NF","Y","single introduced sp. possibly hybridizing with multiple resident ones","No Issue",2436141230860.44,2319752295378.27,51917598256.1931,"  2.1311407401"
"62","Hylarana labialis","Hylarana guentheri","[' Singapore']","NF","Y","single introduced sp. possibly hybridizing with multiple resident ones","No Data Available",0,0,0,"           NaN"
"63","Hylarana laterimaculata","Hylarana guentheri","[' Singapore']","NF","Y","single introduced sp. possibly hybridizing with multiple resident ones","No Data Available",0,0,0,"           NaN"
"64","Hylarana aurata","Hylarana erythraea","['Indonesia', ' Indonesia - Papua Region']","NF","Y","single introduced sp. possibly hybridizing with multiple resident ones","No Data Available",0,0,0,"           NaN"
"65","Hylarana centropeninsularis","Hylarana erythraea","['Indonesia']","NF","Y","single introduced sp. possibly hybridizing with multiple resident ones","No Data Available",0,0,0,"           NaN"
"66","Hylarana chalconota","Hylarana erythraea","['Indonesia']","NF","Y","single introduced sp. possibly hybridizing with multiple resident ones","No Data Available",0,0,0,"           NaN"
"67","Hylarana daemeli","Hylarana erythraea","[' Indonesia - Papua Region']","NF","Y","single introduced sp. possibly hybridizing with multiple resident ones","No Data Available",0,0,0,"           NaN"
"68","Hylarana debussyi","Hylarana erythraea","['Indonesia']","NF","Y","single introduced sp. possibly hybridizing with multiple resident ones","No Data Available",0,0,0,"           NaN"
"69","Hylarana decorata","Hylarana erythraea","['Indonesia']","NF","Y","single introduced sp. possibly hybridizing with multiple resident ones","No Data Available",0,0,0,"           NaN"
"70","Hylarana fantastica","Hylarana erythraea","['Indonesia']","NF","Y","single introduced sp. possibly hybridizing with multiple resident ones","No Data Available",0,0,0,"           NaN"
"71","Hylarana florensis","Hylarana erythraea","['Indonesia']","NF","Y","single introduced sp. possibly hybridizing with multiple resident ones","No Data Available",0,0,0,"           NaN"
"72","Hylarana garritor","Hylarana erythraea","['Indonesia', ' Indonesia - Papua Region']","NF","Y","single introduced sp. possibly hybridizing with multiple resident ones","No Data Available",0,0,0,"           NaN"
"73","Hylarana grisea","Hylarana erythraea","['Indonesia', ' Indonesia - Papua Region']","NF","Y","single introduced sp. possibly hybridizing with multiple resident ones","No Data Available",0,0,0,"           NaN"
"74","Hylarana jimiensis","Hylarana erythraea","['Indonesia', ' Indonesia - Papua Region']","NF","Y","single introduced sp. possibly hybridizing with multiple resident ones","No Data Available",0,0,0,"           NaN"
"75","Hylarana laterimaculata","Hylarana erythraea","['Indonesia']","NF","Y","single introduced sp. possibly hybridizing with multiple resident ones","No Data Available",0,0,0,"           NaN"
"76","Hylarana luctuosa","Hylarana erythraea","['Indonesia']","NF","Y","single introduced sp. possibly hybridizing with multiple resident ones","No Data Available",0,0,0,"           NaN"
"77","Hylarana macrops","Hylarana erythraea","['Indonesia']","NF","Y","single introduced sp. possibly hybridizing with multiple resident ones","No Data Available",0,0,0,"           NaN"
"78","Hylarana megalonesa","Hylarana erythraea","['Indonesia']","NF","Y","single introduced sp. possibly hybridizing with multiple resident ones","No Data Available",0,0,0,"           NaN"
"79","Hylarana mocquardii","Hylarana erythraea","['Indonesia']","NF","Y","single introduced sp. possibly hybridizing with multiple resident ones","No Data Available",0,0,0,"           NaN"
"80","Hylarana moluccana","Hylarana erythraea","['Indonesia']","NF","Y","single introduced sp. possibly hybridizing with multiple resident ones","No Data Available",0,0,0,"           NaN"
"81","Hylarana nicobariensis","Hylarana erythraea","[' Philippines']","NF","Y","single introduced sp. possibly hybridizing with multiple resident ones","No Issue",760209111851.733,2436141230860.44,657099664646.401," 86.4366993768"
"82","Hylarana nigroverrucosa","Hylarana erythraea","['Indonesia']","NF","Y","single introduced sp. possibly hybridizing with multiple resident ones","No Data Available",0,0,0,"           NaN"
"83","Hylarana novaeguineae","Hylarana erythraea","['Indonesia', ' Indonesia - Papua Region']","NF","Y","single introduced sp. possibly hybridizing with multiple resident ones","No Data Available",0,0,0,"           NaN"
"84","Hylarana papua","Hylarana erythraea","['Indonesia', ' Indonesia - Papua Region']","NF","Y","single introduced sp. possibly hybridizing with multiple resident ones","No Data Available",0,0,0,"           NaN"
"85","Hylarana parvaccola","Hylarana erythraea","['Indonesia']","NF","Y","single introduced sp. possibly hybridizing with multiple resident ones","No Data Available",0,0,0,"           NaN"
"86","Hylarana persimilis","Hylarana erythraea","['Indonesia']","NF","Y","single introduced sp. possibly hybridizing with multiple resident ones","No Issue",28733744.8409544,2436141230860.44,28733744.8409545,"100.0000000000"
"87","Hylarana rawa","Hylarana erythraea","['Indonesia']","NF","Y","single introduced sp. possibly hybridizing with multiple resident ones","No Data Available",0,0,0,"           NaN"
"88","Hylarana rufipes","Hylarana erythraea","['Indonesia']","NF","Y","single introduced sp. possibly hybridizing with multiple resident ones","No Data Available",0,0,0,"           NaN"
"89","Hylarana siberu","Hylarana erythraea","['Indonesia']","NF","Y","single introduced sp. possibly hybridizing with multiple resident ones","No Data Available",0,0,0,"           NaN"
"90","Hylarana sundabarat","Hylarana erythraea","['Indonesia']","NF","Y","single introduced sp. possibly hybridizing with multiple resident ones","No Data Available",0,0,0,"           NaN"
"91","Hylarana supragrisea","Hylarana erythraea","['Indonesia', ' Indonesia - Papua Region']","NF","Y","single introduced sp. possibly hybridizing with multiple resident ones","No Data Available",0,0,0,"           NaN"
"92","Hylarana volkerjane","Hylarana erythraea","['Indonesia', ' Indonesia - Papua Region']","NF","Y","single introduced sp. possibly hybridizing with multiple resident ones","No Data Available",0,0,0,"           NaN"
"93","Ingerophrynus biporcatus","Ingerophrynus biporcatus","['Indonesia']","NF","Y","Introduced is the same as the resident","No Issue",375656678536.87,375656678536.87,375656678536.869,"100.0000000000"
"94","Ingerophrynus celebensis","Ingerophrynus biporcatus","['Indonesia']","NF","Y","single introduced sp. possibly hybridizing with multiple resident ones","No Issue",180505138031.995,375656678536.87,52923875114.4494," 29.3198718283"
"95","Ingerophrynus claviger","Ingerophrynus biporcatus","['Indonesia']","NF","Y","single introduced sp. possibly hybridizing with multiple resident ones","Zero or Negative Overlap",7903879779.54714,375656678536.87,0,"  0.0000000000"
"96","Kaloula conjuncta","Kaloula pulchra","['Philippines']","NF","Y","single introduced sp. possibly hybridizing with multiple resident ones","Zero or Negative Overlap",28814219028.5058,2535859188860.24,0,"  0.0000000000"
"97","Kaloula kalingensis","Kaloula pulchra","['Philippines']","NF","Y","single introduced sp. possibly hybridizing with multiple resident ones","Zero or Negative Overlap",15752364838.3514,2535859188860.24,0,"  0.0000000000"
"98","Kaloula kokacii","Kaloula pulchra","['Philippines']","NF","Y","single introduced sp. possibly hybridizing with multiple resident ones","Zero or Negative Overlap",844311463.740086,2535859188860.24,0,"  0.0000000000"
"99","Kaloula meridionalis","Kaloula pulchra","['Philippines']","NF","Y","single introduced sp. possibly hybridizing with multiple resident ones","No Data Available",0,0,0,"           NaN"
"100","Kaloula picta","Kaloula pulchra","['Philippines']","NF","Y","single introduced sp. possibly hybridizing with multiple resident ones","Zero or Negative Overlap",285301484700.635,2535859188860.24,0,"  0.0000000000"
"101","Kaloula rigida","Kaloula pulchra","['Philippines']","NF","Y","single introduced sp. possibly hybridizing with multiple resident ones","Zero or Negative Overlap",15164842927.0325,2535859188860.24,0,"  0.0000000000"
"102","Kaloula walteri","Kaloula pulchra","['Philippines']","NF","Y","single introduced sp. possibly hybridizing with multiple resident ones","Zero or Negative Overlap",680132457.204639,2535859188860.24,0,"  0.0000000000"
"103","Leiopelma archeyi","Leiopelma hamiltoni","['New Zealand']","NF","Y","single introduced sp. possibly hybridizing with multiple resident ones","Zero or Negative Overlap",2147515738.2159,2524370.7536931,0,"  0.0000000000"
"104","Leiopelma hochstetteri","Leiopelma hamiltoni","['New Zealand']","NF","Y","single introduced sp. possibly hybridizing with multiple resident ones","Zero or Negative Overlap",16164610816.8507,2524370.7536931,0,"  0.0000000000"
"105","Leiopelma hamiltoni","Leiopelma hamiltoni","['New Zealand']","NF","Y","Introduced is the same as the resident","No Issue",2524370.7536931,2524370.7536931,2524370.75369453,"100.0000000001"
"106","Leptodactylus albilabris","Leptodactylus fallax","[' Puerto Rico']","NF","N","","Zero or Negative Overlap",11811451194.044,163605161.350964,0,"  0.0000000000"
"107","Leptodactylus colombiensis","Leptodactylus fragilis","['Colombia']","NF","Y","single introduced sp. possibly hybridizing with multiple resident ones","No Issue",139818983919.634,1658289993429.35,34504499281.4744," 24.6779788511"
"108","Leptodactylus insularum","Leptodactylus fragilis","['Colombia']","NF","Y","single introduced sp. possibly hybridizing with multiple resident ones","No Issue",1072657158756.31,1658289993429.35,668090145806.61," 62.2836607534"
"109","Leptodactylus lithonaetes","Leptodactylus fragilis","['Colombia']","NF","Y","single introduced sp. possibly hybridizing with multiple resident ones","No Issue",117347372341.718,1658289993429.35,7567379089.30161,"  6.4486992238"
"110","Leptodactylus poecilochilus","Leptodactylus fragilis","['Colombia']","NF","Y","single introduced sp. possibly hybridizing with multiple resident ones","No Issue",247012469078.439,1658289993429.35,226679082729.703," 91.7682753326"
"111","Leptodactylus rhodomerus","Leptodactylus fragilis","['Colombia']","NF","Y","single introduced sp. possibly hybridizing with multiple resident ones","No Issue",90489069544.3299,1658289993429.35,1148420854.65684,"  1.2691266033"
"112","Leptodactylus savagei","Leptodactylus fragilis","['Colombia']","NF","Y","single introduced sp. possibly hybridizing with multiple resident ones","No Issue",266045207703.021,1658289993429.35,170779076325.024," 64.1917506425"
"113","Leptodactylus ventrimaculatus","Leptodactylus fragilis","['Colombia']","NF","Y","single introduced sp. possibly hybridizing with multiple resident ones","Zero or Negative Overlap",123590270980.589,1658289993429.35,0,"  0.0000000000"
"114","Leptodactylus avivoca","Leptodactylus labyrinthicus","['Brazil']","NF","Y","single introduced sp. possibly hybridizing with multiple resident ones","No Data Available",0,0,0,"           NaN"
"115","Leptodactylus barrioi","Leptodactylus labyrinthicus","['Brazil']","NF","Y","single introduced sp. possibly hybridizing with multiple resident ones","No Issue",43834597654.7214,4268351624633.69,14153389918.6578," 32.2881711614"
"116","Leptodactylus brevipes","Leptodactylus labyrinthicus","['Brazil']","NF","Y","single introduced sp. possibly hybridizing with multiple resident ones","No Issue",349821697089.43,4268351624633.69,307274182306.411," 87.8373711130"
"117","Leptodactylus caatingae","Leptodactylus labyrinthicus","['Brazil']","NF","Y","single introduced sp. possibly hybridizing with multiple resident ones","No Issue",446613566926.699,4268351624633.69,125110315628.472," 28.0131023537"
"118","Leptodactylus camaquara","Leptodactylus labyrinthicus","['Brazil']","NF","Y","single introduced sp. possibly hybridizing with multiple resident ones","No Issue",14522744778.6327,4268351624633.69,14522744778.6327,"100.0000000000"
"119","Leptodactylus cunicularius","Leptodactylus labyrinthicus","['Brazil']","NF","Y","single introduced sp. possibly hybridizing with multiple resident ones","No Issue",202629560718,4268351624633.69,202629560718.002,"100.0000000000"
"120","Leptodactylus cupreus","Leptodactylus labyrinthicus","['Brazil']","NF","Y","single introduced sp. possibly hybridizing with multiple resident ones","No Issue",274237564555.304,4268351624633.69,102155180107.116," 37.2506152732"
"121","Leptodactylus diedrus","Leptodactylus labyrinthicus","['Brazil']","NF","Y","single introduced sp. possibly hybridizing with multiple resident ones","Zero or Negative Overlap",968168822855.546,4268351624633.69,0,"  0.0000000000"
"122","Leptodactylus flavopictus","Leptodactylus labyrinthicus","['Brazil']","NF","Y","single introduced sp. possibly hybridizing with multiple resident ones","No Issue",61218191001.4661,4268351624633.69,4753646711.59523,"  7.7650885036"
"123","Leptodactylus fremitus","Leptodactylus labyrinthicus","['Brazil']","NF","Y","single introduced sp. possibly hybridizing with multiple resident ones","No Data Available",0,0,0,"           NaN"
"124","Leptodactylus guianensis","Leptodactylus labyrinthicus","['Brazil']","NF","Y","single introduced sp. possibly hybridizing with multiple resident ones","Zero or Negative Overlap",717530939265.528,4268351624633.69,0,"  0.0000000000"
"125","Leptodactylus hylodes","Leptodactylus labyrinthicus","['Brazil']","NF","Y","single introduced sp. possibly hybridizing with multiple resident ones","Zero or Negative Overlap",20637900.8958983,4268351624633.69,0,"  0.0000000000"
"126","Leptodactylus jolyi","Leptodactylus labyrinthicus","['Brazil']","NF","Y","single introduced sp. possibly hybridizing with multiple resident ones","No Issue",1237705103263.33,4268351624633.69,981840832175.22," 79.3275255621"
"127","Leptodactylus kilombo","Leptodactylus labyrinthicus","['Brazil']","NF","Y","single introduced sp. possibly hybridizing with multiple resident ones","No Issue",292471734483.538,4268351624633.69,284975001566.14," 97.4367666911"
"128","Leptodactylus latrans","Leptodactylus labyrinthicus","['Brazil']","NF","Y","single introduced sp. possibly hybridizing with multiple resident ones","No Issue",200225724039.614,4268351624633.69,45780831259.2677," 22.8646101688"
"129","Leptodactylus lauramiriamae","Leptodactylus labyrinthicus","['Brazil']","NF","Y","single introduced sp. possibly hybridizing with multiple resident ones","Zero or Negative Overlap",9608592.75977308,4268351624633.69,0,"  0.0000000000"
"130","Leptodactylus longirostris","Leptodactylus labyrinthicus","['Brazil']","NF","Y","single introduced sp. possibly hybridizing with multiple resident ones","No Issue",2144517532223.32,4268351624633.69,205933238437.916,"  9.6027770976"
"131","Leptodactylus marambaiae","Leptodactylus labyrinthicus","['Brazil']","NF","Y","single introduced sp. possibly hybridizing with multiple resident ones","Zero or Negative Overlap",87056959.719692,4268351624633.69,0,"  0.0000000000"
"132","Leptodactylus myersi","Leptodactylus labyrinthicus","['Brazil']","NF","Y","single introduced sp. possibly hybridizing with multiple resident ones","Zero or Negative Overlap",991924506062.359,4268351624633.69,0,"  0.0000000000"
"133","Leptodactylus natalensis","Leptodactylus labyrinthicus","['Brazil']","NF","Y","single introduced sp. possibly hybridizing with multiple resident ones","No Issue",728564714225.038,4268351624633.69,16272756027.4454,"  2.2335361169"
"134","Leptodactylus notoaktites","Leptodactylus labyrinthicus","['Brazil']","NF","Y","single introduced sp. possibly hybridizing with multiple resident ones","No Issue",168764158863.543,4268351624633.69,51064278923.9264," 30.2577746767"
"135","Leptodactylus oreomantis","Leptodactylus labyrinthicus","['Brazil']","NF","Y","single introduced sp. possibly hybridizing with multiple resident ones","No Issue",3567915625.68411,4268351624633.69,2480050942.90923," 69.5097979632"
"136","Leptodactylus paraensis","Leptodactylus labyrinthicus","['Brazil']","NF","Y","single introduced sp. possibly hybridizing with multiple resident ones","No Issue",781334482663.133,4268351624633.69,546109434669.874," 69.8944494051"
"137","Leptodactylus paranaru","Leptodactylus labyrinthicus","['Brazil']","NF","Y","single introduced sp. possibly hybridizing with multiple resident ones","Zero or Negative Overlap",84229301492.4047,4268351624633.69,0,"  0.0000000000"
"138","Leptodactylus payaya","Leptodactylus labyrinthicus","['Brazil']","NF","Y","single introduced sp. possibly hybridizing with multiple resident ones","No Issue",116913047604.057,4268351624633.69,61891945684.8461," 52.9384418191"
"139","Leptodactylus pentadactylus","Leptodactylus labyrinthicus","['Brazil']","NF","Y","single introduced sp. possibly hybridizing with multiple resident ones","No Issue",6771818221136.42,4268351624633.69,1323393258118.01," 19.5426577457"
"140","Leptodactylus petersii","Leptodactylus labyrinthicus","['Brazil']","NF","Y","single introduced sp. possibly hybridizing with multiple resident ones","No Issue",4902045662803.17,4268351624633.69,517034109258.194," 10.5473131999"
"141","Leptodactylus pustulatus","Leptodactylus labyrinthicus","['Brazil']","NF","Y","single introduced sp. possibly hybridizing with multiple resident ones","No Issue",875447332795.412,4268351624633.69,624592208623.966," 71.3454922102"
"142","Leptodactylus riveroi","Leptodactylus labyrinthicus","['Brazil']","NF","Y","single introduced sp. possibly hybridizing with multiple resident ones","No Issue",925821275568.562,4268351624633.69,6121917859.38646,"  0.6612418639"
"143","Leptodactylus rugosus","Leptodactylus labyrinthicus","['Brazil']","NF","Y","single introduced sp. possibly hybridizing with multiple resident ones","Zero or Negative Overlap",159391564388.98,4268351624633.69,0,"  0.0000000000"
"144","Leptodactylus sabanensis","Leptodactylus labyrinthicus","['Brazil']","NF","Y","single introduced sp. possibly hybridizing with multiple resident ones","Zero or Negative Overlap",8809092136.68811,4268351624633.69,0,"  0.0000000000"
"145","Leptodactylus spixi","Leptodactylus labyrinthicus","['Brazil']","NF","Y","single introduced sp. possibly hybridizing with multiple resident ones","No Issue",2678138604964.75,4268351624633.69,1630701120059.22," 60.8893474384"
"146","Leptodactylus stenodema","Leptodactylus labyrinthicus","['Brazil']","NF","Y","single introduced sp. possibly hybridizing with multiple resident ones","No Issue",3308584739864.54,4268351624633.69,219799587728.587,"  6.6433114159"
"147","Leptodactylus tapiti","Leptodactylus labyrinthicus","['Brazil']","NF","Y","single introduced sp. possibly hybridizing with multiple resident ones","No Issue",9862922775.10665,4268351624633.69,9862922775.10672,"100.0000000000"
"148","Leptodactylus troglodytes","Leptodactylus labyrinthicus","['Brazil']","NF","Y","single introduced sp. possibly hybridizing with multiple resident ones","No Issue",1944352756267.36,4268351624633.69,906059417575.364," 46.5995388262"
"149","Leptodactylus validus","Leptodactylus labyrinthicus","['Brazil']","NF","Y","single introduced sp. possibly hybridizing with multiple resident ones","Zero or Negative Overlap",1390938751485.22,4268351624633.69,0,"  0.0000000000"
"150","Leptodactylus viridis","Leptodactylus labyrinthicus","['Brazil']","NF","Y","single introduced sp. possibly hybridizing with multiple resident ones","Zero or Negative Overlap",41589491840.2636,4268351624633.69,0,"  0.0000000000"
"151","Leptodactylus wagneri","Leptodactylus labyrinthicus","['Brazil']","NF","Y","single introduced sp. possibly hybridizing with multiple resident ones","Zero or Negative Overlap",1062885591417.31,4268351624633.69,0,"  0.0000000000"
"152","Leptodactylus watu","Leptodactylus labyrinthicus","['Brazil']","NF","Y","single introduced sp. possibly hybridizing with multiple resident ones","No Issue",1911666869.99432,4268351624633.69,1911666869.99461,"100.0000000000"
"153","Limnodynastes convexiusculus","Limnodynastes tasmaniensis","['Australia']","SO","Y","single introduced sp. possibly hybridizing with multiple resident ones","No Issue",742810926230.651,3805377136903.46,90684538207.1742," 12.2082935246"
"154","Limnodynastes depressus","Limnodynastes tasmaniensis","['Australia']","SO","Y","single introduced sp. possibly hybridizing with multiple resident ones","Zero or Negative Overlap",64766094929.9865,3805377136903.46,0,"  0.0000000000"
"155","Limnodynastes dorsalis","Limnodynastes tasmaniensis","['Australia']","SO","Y","single introduced sp. possibly hybridizing with multiple resident ones","Zero or Negative Overlap",364447152880.085,3805377136903.46,0,"  0.0000000000"
"156","Limnodynastes dumerilii","Limnodynastes tasmaniensis","['Australia']","SO","Y","single introduced sp. possibly hybridizing with multiple resident ones","No Issue",1360674536099.22,3805377136903.46,1328316647127.44," 97.6219229424"
"157","Limnodynastes fletcheri","Limnodynastes tasmaniensis","['Australia']","SO","Y","single introduced sp. possibly hybridizing with multiple resident ones","No Issue",1620659750043.25,3805377136903.46,1620659750040.12," 99.9999999998"
"158","Limnodynastes grayi","Limnodynastes tasmaniensis","['Australia']","SO","Y","single introduced sp. possibly hybridizing with multiple resident ones","No Data Available",0,0,0,"           NaN"
"159","Limnodynastes interioris","Limnodynastes tasmaniensis","['Australia']","SO","Y","single introduced sp. possibly hybridizing with multiple resident ones","No Issue",395894737778.02,3805377136903.46,395894737778.02,"100.0000000000"
"160","Limnodynastes lignarius","Limnodynastes tasmaniensis","['Australia']","SO","Y","single introduced sp. possibly hybridizing with multiple resident ones","Zero or Negative Overlap",341791219830.45,3805377136903.46,0,"  0.0000000000"
"161","Limnodynastes peronii","Limnodynastes tasmaniensis","['Australia']","SO","Y","single introduced sp. possibly hybridizing with multiple resident ones","No Issue",1266217046870.5,3805377136903.46,1248336527143.6," 98.5878787708"
"162","Limnodynastes salmini","Limnodynastes tasmaniensis","['Australia']","SO","Y","single introduced sp. possibly hybridizing with multiple resident ones","No Issue",668651293460.02,3805377136903.46,668651293447.594," 99.9999999981"
"163","Limnodynastes superciliaris","Limnodynastes tasmaniensis","['Australia']","SO","Y","single introduced sp. possibly hybridizing with multiple resident ones","No Data Available",0,0,0,"           NaN"
"164","Limnodynastes tasmaniensis","Limnodynastes tasmaniensis","['Australia']","SO","Y","Introduced is the same as the resident","No Issue",3805377136903.46,3805377136903.46,3805377136903.48,"100.0000000000"
"165","Limnodynastes terraereginae","Limnodynastes tasmaniensis","['Australia']","SO","Y","single introduced sp. possibly hybridizing with multiple resident ones","No Issue",866073902918.504,3805377136903.46,812945800391.554," 93.8656386773"
"166","Lithobates adleri","Lithobates berlandieri","['Mexico']","SO","Y","single introduced sp. possibly hybridizing with multiple resident ones","No Data Available",0,0,0,"           NaN"
"167","Lithobates berlandieri","Lithobates berlandieri","['Mexico']","SO","Y","Introduced is the same as the resident","No Issue",1132691219683.82,1132691219683.82,1132691219683.81,"100.0000000000"
"168","Lithobates blairi","Lithobates berlandieri","[' United States of America - Arizona']","SO","Y","single introduced sp. possibly hybridizing with multiple resident ones","No Issue",2260672136870.02,1132691219683.82,103527022885.342,"  4.5794797572"
"169","Lithobates blairi","Lithobates sphenocephalus","[' United States of America - Arizona']","SO","Y","single introduced sp. possibly hybridizing with multiple resident ones","No Issue",2260672136870.02,2536446569784.46,347928932753.893," 15.3905082953"
"170","Lithobates chichicuahutla","Lithobates berlandieri","['Mexico']","SO","Y","single introduced sp. possibly hybridizing with multiple resident ones","Zero or Negative Overlap",1343097.9176475,1132691219683.82,0,"  0.0000000000"
"171","Lithobates chiricahuensis","Lithobates berlandieri","['Mexico', ' United States of America - Arizona']","SO","Y","single introduced sp. possibly hybridizing with multiple resident ones","No Issue",313960913975.053,1132691219683.82,846532054.795727,"  0.2696297587"
"172","Lithobates chiricahuensis","Lithobates sphenocephalus","[' United States of America - Arizona']","SO","Y","single introduced sp. possibly hybridizing with multiple resident ones","No Issue",313960913975.053,2536446569784.46,12368179.4261792,"  0.0039394010"
"173","Lithobates cora","Lithobates berlandieri","['Mexico']","SO","Y","single introduced sp. possibly hybridizing with multiple resident ones","No Data Available",0,0,0,"           NaN"
"174","Lithobates dunni","Lithobates berlandieri","['Mexico']","SO","Y","single introduced sp. possibly hybridizing with multiple resident ones","Zero or Negative Overlap",1570785125.71066,1132691219683.82,0,"  0.0000000000"
"175","Lithobates fisheri","Lithobates berlandieri","[' United States of America - Arizona']","SO","Y","single introduced sp. possibly hybridizing with multiple resident ones","Zero or Negative Overlap",149783034.577283,1132691219683.82,0,"  0.0000000000"
"176","Lithobates fisheri","Lithobates sphenocephalus","[' United States of America - Arizona']","SO","Y","single introduced sp. possibly hybridizing with multiple resident ones","Zero or Negative Overlap",149783034.577283,2536446569784.46,0,"  0.0000000000"
"177","Lithobates floresi","Lithobates berlandieri","['Mexico']","SO","Y","single introduced sp. possibly hybridizing with multiple resident ones","No Data Available",0,0,0,"           NaN"
"178","Lithobates forreri","Lithobates berlandieri","['Mexico']","SO","Y","single introduced sp. possibly hybridizing with multiple resident ones","No Issue",255296789039.849,1132691219683.82,1191444153.70615,"  0.4666898312"
"179","Lithobates hillisi","Lithobates berlandieri","['Mexico']","SO","Y","single introduced sp. possibly hybridizing with multiple resident ones","No Data Available",0,0,0,"           NaN"
"180","Lithobates johni","Lithobates berlandieri","['Mexico']","SO","Y","single introduced sp. possibly hybridizing with multiple resident ones","No Issue",2438214843.5154,1132691219683.82,2438214843.51557,"100.0000000000"
"181","Lithobates lemosespinali","Lithobates berlandieri","['Mexico']","SO","Y","single introduced sp. possibly hybridizing with multiple resident ones","Zero or Negative Overlap",106346634.028913,1132691219683.82,0,"  0.0000000000"
"182","Lithobates magnaocularis","Lithobates berlandieri","['Mexico']","SO","Y","single introduced sp. possibly hybridizing with multiple resident ones","No Issue",263757013247.774,1132691219683.82,83208292.1348245,"  0.0315473288"
"183","Lithobates megapoda","Lithobates berlandieri","['Mexico']","SO","Y","single introduced sp. possibly hybridizing with multiple resident ones","Zero or Negative Overlap",69523536516.8422,1132691219683.82,0,"  0.0000000000"
"184","Lithobates montezumae","Lithobates berlandieri","['Mexico']","SO","Y","single introduced sp. possibly hybridizing with multiple resident ones","No Issue",180985111303.334,1132691219683.82,7249255592.14778,"  4.0054430665"
"185","Lithobates neovolcanicus","Lithobates berlandieri","['Mexico']","SO","Y","single introduced sp. possibly hybridizing with multiple resident ones","No Issue",68639239142.5308,1132691219683.82,3732001516.74447,"  5.4371254160"
"186","Lithobates omiltemanus","Lithobates berlandieri","['Mexico']","SO","Y","single introduced sp. possibly hybridizing with multiple resident ones","No Issue",556176474.961332,1132691219683.82,91426961.3561272," 16.4384804953"
"187","Lithobates onca","Lithobates berlandieri","[' United States of America - Arizona']","SO","Y","single introduced sp. possibly hybridizing with multiple resident ones","Zero or Negative Overlap",30153632621.2162,1132691219683.82,0,"  0.0000000000"
"188","Lithobates onca","Lithobates sphenocephalus","[' United States of America - Arizona']","SO","Y","single introduced sp. possibly hybridizing with multiple resident ones","Zero or Negative Overlap",30153632621.2162,2536446569784.46,0,"  0.0000000000"
"189","Lithobates pipiens","Lithobates berlandieri","[' United States of America - Arizona', ' United States of America - California']","SO","Y","single introduced sp. possibly hybridizing with multiple resident ones","No Issue",12417992008260.7,1132691219683.82,2303286506.9266,"  0.0185479787"
"190","Lithobates pipiens","Lithobates sphenocephalus","[' United States of America - Arizona', ' United States of America - California']","SO","Y","single introduced sp. possibly hybridizing with multiple resident ones","No Issue",12417992008260.7,2536446569784.46,79468286597.7482,"  0.6399447394"
"191","Lithobates psilonota","Lithobates berlandieri","['Mexico']","SO","Y","single introduced sp. possibly hybridizing with multiple resident ones","Zero or Negative Overlap",65960601219.8931,1132691219683.82,0,"  0.0000000000"
"192","Lithobates pueblae","Lithobates berlandieri","['Mexico']","SO","Y","single introduced sp. possibly hybridizing with multiple resident ones","No Issue",9291889.02910516,1132691219683.82,9291889.02910218,"100.0000000000"
"193","Lithobates pustulosus","Lithobates berlandieri","['Mexico']","SO","Y","single introduced sp. possibly hybridizing with multiple resident ones","Zero or Negative Overlap",138183075671.648,1132691219683.82,0,"  0.0000000000"
"194","Lithobates sierramadrensis","Lithobates berlandieri","['Mexico']","SO","Y","single introduced sp. possibly hybridizing with multiple resident ones","No Issue",13301715860.308,1132691219683.82,55270429.580616,"  0.4155135334"
"195","Lithobates spectabilis","Lithobates berlandieri","['Mexico']","SO","Y","single introduced sp. possibly hybridizing with multiple resident ones","No Issue",87477959098.3633,1132691219683.82,9858023596.84552," 11.2691513365"
"196","Lithobates tarahumarae","Lithobates berlandieri","['Mexico', ' United States of America - Arizona']","SO","Y","single introduced sp. possibly hybridizing with multiple resident ones","No Issue",123749279283.457,1132691219683.82,2422964851.73186,"  1.9579627985"
"197","Lithobates tarahumarae","Lithobates sphenocephalus","[' United States of America - Arizona']","SO","Y","single introduced sp. possibly hybridizing with multiple resident ones","Zero or Negative Overlap",123749279283.457,2536446569784.46,0,"  0.0000000000"
"198","Lithobates tlaloci","Lithobates berlandieri","['Mexico']","SO","Y","single introduced sp. possibly hybridizing with multiple resident ones","Zero or Negative Overlap",1120364459.62927,1132691219683.82,0,"  0.0000000000"
"199","Lithobates yavapaiensis","Lithobates berlandieri","['Mexico', ' United States of America - Arizona', ' United States of America - California']","SO","Y","single introduced sp. possibly hybridizing with multiple resident ones","No Issue",355514038471.996,1132691219683.82,30134093419.5982,"  8.4762035134"
"200","Lithobates yavapaiensis","Lithobates sphenocephalus","[' United States of America - Arizona', ' United States of America - California']","SO","Y","single introduced sp. possibly hybridizing with multiple resident ones","No Issue",355514038471.996,2536446569784.46,12368179.4261792,"  0.0034789567"
"201","Lithobates zweifeli","Lithobates berlandieri","['Mexico']","SO","Y","single introduced sp. possibly hybridizing with multiple resident ones","No Issue",135181077984.166,1132691219683.82,798836920.15077,"  0.5909384154"
"202","Litoria adelaidensis","Litoria dentata","['Australia']","SO","Y","single introduced sp. possibly hybridizing with multiple resident ones","Zero or Negative Overlap",164931683476.742,92242124154.4696,0,"  0.0000000000"
"203","Litoria aurifera","Litoria dentata","['Australia']","SO","Y","single introduced sp. possibly hybridizing with multiple resident ones","Zero or Negative Overlap",13279989953.6781,92242124154.4696,0,"  0.0000000000"
"204","Litoria axillaris","Litoria dentata","['Australia']","SO","Y","single introduced sp. possibly hybridizing with multiple resident ones","Zero or Negative Overlap",547104234.194496,92242124154.4696,0,"  0.0000000000"
"205","Litoria balatus","Litoria dentata","['Australia']","SO","Y","single introduced sp. possibly hybridizing with multiple resident ones","No Issue",50101753204.9728,92242124154.4696,4021600898.45663,"  8.0268666088"
"206","Litoria bicolor","Litoria dentata","['Australia']","SO","Y","single introduced sp. possibly hybridizing with multiple resident ones","Zero or Negative Overlap",907789951783.094,92242124154.4696,0,"  0.0000000000"
"207","Litoria burrowsi","Litoria dentata","['Australia']","SO","Y","single introduced sp. possibly hybridizing with multiple resident ones","Zero or Negative Overlap",33457694619.9749,92242124154.4696,0,"  0.0000000000"
"208","Litoria calliscelis","Litoria dentata","['Australia']","SO","Y","single introduced sp. possibly hybridizing with multiple resident ones","No Data Available",0,0,0,"           NaN"
"209","Litoria cooloolensis","Litoria dentata","['Australia']","SO","Y","single introduced sp. possibly hybridizing with multiple resident ones","Zero or Negative Overlap",2736093819.37722,92242124154.4696,0,"  0.0000000000"
"210","Litoria coplandi","Litoria dentata","['Australia']","SO","Y","single introduced sp. possibly hybridizing with multiple resident ones","Zero or Negative Overlap",798615526281.728,92242124154.4696,0,"  0.0000000000"
"211","Litoria corbeni","Litoria dentata","['Australia']","SO","Y","single introduced sp. possibly hybridizing with multiple resident ones","No Data Available",0,0,0,"           NaN"
"212","Litoria dentata","Litoria dentata","['Australia']","SO","Y","single introduced sp. possibly hybridizing with multiple resident ones","No Issue",92242124154.4696,92242124154.4696,92242124154.4657,"100.0000000000"
"213","Litoria electrica","Litoria dentata","['Australia']","SO","Y","single introduced sp. possibly hybridizing with multiple resident ones","Zero or Negative Overlap",530245611363.325,92242124154.4696,0,"  0.0000000000"
"214","Litoria ewingii","Litoria dentata","['Australia']","","Y","single introduced sp. possibly hybridizing with multiple resident ones","Zero or Negative Overlap",1027953823517.71,92242124154.4696,0,"  0.0000000000"
"215","Litoria fallax","Litoria dentata","['Australia']","","Y","single introduced sp. possibly hybridizing with multiple resident ones","No Issue",740098055612.86,92242124154.4696,92221452303.051," 12.4607072811"
"216","Litoria freycineti","Litoria dentata","['Australia']","","Y","single introduced sp. possibly hybridizing with multiple resident ones","No Issue",171379181304.935,92242124154.4696,85733469278.8435," 50.0256032419"
"217","Litoria inermis","Litoria dentata","['Australia']","","Y","single introduced sp. possibly hybridizing with multiple resident ones","Zero or Negative Overlap",2260861188869.83,92242124154.4696,0,"  0.0000000000"
"218","Litoria jervisiensis","Litoria dentata","['Australia']","","Y","single introduced sp. possibly hybridizing with multiple resident ones","No Issue",111163818329.602,92242124154.4696,38587992386.8146," 34.7127266467"
"219","Litoria latopalmata","Litoria dentata","['Australia']","","Y","single introduced sp. possibly hybridizing with multiple resident ones","No Issue",2401931417893.28,92242124154.4696,92221452303.051,"  3.8394706700"
"220","Litoria littlejohni","Litoria dentata","['Australia']","","Y","single introduced sp. possibly hybridizing with multiple resident ones","Zero or Negative Overlap",9307631077.59421,92242124154.4696,0,"  0.0000000000"
"221","Litoria longirostris","Litoria dentata","['Australia']","","Y","single introduced sp. possibly hybridizing with multiple resident ones","Zero or Negative Overlap",556838544.248154,92242124154.4696,0,"  0.0000000000"
"222","Litoria meiriana","Litoria dentata","['Australia']","","Y","single introduced sp. possibly hybridizing with multiple resident ones","Zero or Negative Overlap",394767738203.017,92242124154.4696,0,"  0.0000000000"
"223","Litoria microbelos","Litoria dentata","['Australia']","","Y","single introduced sp. possibly hybridizing with multiple resident ones","Zero or Negative Overlap",237132867276.04,92242124154.4696,0,"  0.0000000000"
"224","Litoria nasuta","Litoria dentata","['Australia']","","Y","single introduced sp. possibly hybridizing with multiple resident ones","No Issue",1320030533818.19,92242124154.4696,65922939510.5646,"  4.9940465634"
"225","Litoria nigrofrenata","Litoria dentata","['Australia']","","Y","single introduced sp. possibly hybridizing with multiple resident ones","Zero or Negative Overlap",122568384820.841,92242124154.4696,0,"  0.0000000000"
"226","Litoria olongburensis","Litoria dentata","['Australia']","","Y","single introduced sp. possibly hybridizing with multiple resident ones","No Issue",11458922360.1157,92242124154.4696,3284183419.97938," 28.6604910721"
"227","Litoria pallida","Litoria dentata","['Australia']","","Y","single introduced sp. possibly hybridizing with multiple resident ones","Zero or Negative Overlap",1576019807046.67,92242124154.4696,0,"  0.0000000000"
"228","Litoria paraewingi","Litoria dentata","['Australia']","","Y","single introduced sp. possibly hybridizing with multiple resident ones","Zero or Negative Overlap",77493963725.7011,92242124154.4696,0,"  0.0000000000"
"229","Litoria peronii","Litoria dentata","['Australia']","","Y","single introduced sp. possibly hybridizing with multiple resident ones","No Issue",1732596609474.62,92242124154.4696,92221452303.051,"  5.3227307383"
"230","Litoria personata","Litoria dentata","['Australia']","","Y","single introduced sp. possibly hybridizing with multiple resident ones","Zero or Negative Overlap",74177973622.6995,92242124154.4696,0,"  0.0000000000"
"231","Litoria quiritatus","Litoria dentata","['Australia']","","Y","single introduced sp. possibly hybridizing with multiple resident ones","Zero or Negative Overlap",114283761397.099,92242124154.4696,0,"  0.0000000000"
"232","Litoria revelata","Litoria dentata","['Australia']","","Y","single introduced sp. possibly hybridizing with multiple resident ones","No Issue",89553907469.6416,92242124154.4696,62579248639.2285," 69.8788588990"
"233","Litoria ridibunda","Litoria dentata","['Australia']","","Y","single introduced sp. possibly hybridizing with multiple resident ones","No Data Available",0,0,0,"           NaN"
"234","Litoria rothii","Litoria dentata","['Australia']","","Y","single introduced sp. possibly hybridizing with multiple resident ones","Zero or Negative Overlap",1586046837903.38,92242124154.4696,0,"  0.0000000000"
"235","Litoria rubella","Litoria dentata","['Australia']","","Y","single introduced sp. possibly hybridizing with multiple resident ones","No Issue",5832689279019.56,92242124154.4696,41371900557.0033,"  0.7093108955"
"236","Litoria sibilus","Litoria dentata","['Australia']","","Y","single introduced sp. possibly hybridizing with multiple resident ones","No Data Available",0,0,0,"           NaN"
"237","Litoria spaldingi","Litoria dentata","['Australia']","","Y","single introduced sp. possibly hybridizing with multiple resident ones","Zero or Negative Overlap",313331506276.108,92242124154.4696,0,"  0.0000000000"
"238","Litoria staccato","Litoria dentata","['Australia']","","Y","single introduced sp. possibly hybridizing with multiple resident ones","Zero or Negative Overlap",88192013051.4078,92242124154.4696,0,"  0.0000000000"
"239","Litoria tornieri","Litoria dentata","['Australia']","","Y","single introduced sp. possibly hybridizing with multiple resident ones","Zero or Negative Overlap",587138365027.559,92242124154.4696,0,"  0.0000000000"
"240","Litoria tyleri","Litoria dentata","['Australia']","","Y","single introduced sp. possibly hybridizing with multiple resident ones","No Issue",221398352716.934,92242124154.4696,83979968682.4921," 37.9316140576"
"241","Litoria verreauxii","Litoria dentata","['Australia']","","Y","single introduced sp. possibly hybridizing with multiple resident ones","No Issue",520011154328.656,92242124154.4696,92221452326.3449," 17.7345142616"
"242","Litoria watjulumensis","Litoria dentata","['Australia']","","Y","single introduced sp. possibly hybridizing with multiple resident ones","Zero or Negative Overlap",318980393573.44,92242124154.4696,0,"  0.0000000000"
"243","Litoria watsoni","Litoria dentata","['Australia']","","Y","single introduced sp. possibly hybridizing with multiple resident ones","Zero or Negative Overlap",12557560870.2121,92242124154.4696,0,"  0.0000000000"
"244","Microhyla achatina","Microhyla orientalis","['Indonesia']","","Y","single introduced sp. possibly hybridizing with multiple resident ones","No Issue",96355538451.7322,492748444.145211,461841423.926182,"  0.4793096809"
"245","Microhyla gadjahmadai","Microhyla orientalis","['Indonesia']","","Y","single introduced sp. possibly hybridizing with multiple resident ones","No Data Available",0,0,0,"           NaN"
"246","Microhyla mantheyi","Microhyla orientalis","['Indonesia']","","Y","single introduced sp. possibly hybridizing with multiple resident ones","Zero or Negative Overlap",51335532748.2002,492748444.145211,0,"  0.0000000000"
"247","Microhyla orientalis","Microhyla orientalis","['Indonesia']","","Y","Introduced is the same as the resident","No Issue",492748444.145211,492748444.145211,492748444.145207,"100.0000000000"
"248","Microhyla palmipes","Microhyla orientalis","['Indonesia']","","Y","single introduced sp. possibly hybridizing with multiple resident ones","No Issue",586956537031.899,492748444.145211,480806139.343859,"  0.0819151179"
"249","Microhyla sriwijaya","Microhyla orientalis","['Indonesia']","","Y","single introduced sp. possibly hybridizing with multiple resident ones","No Data Available",0,0,0,"           NaN"
"250","Microhyla sundaica","Microhyla orientalis","['Indonesia']","","Y","single introduced sp. possibly hybridizing with multiple resident ones","No Data Available",0,0,0,"           NaN"
"251","Microhyla superciliaris","Microhyla orientalis","['Indonesia']","","Y","single introduced sp. possibly hybridizing with multiple resident ones","Zero or Negative Overlap",127796172776.593,492748444.145211,0,"  0.0000000000"
"252","Nyctimystes azuroscelis","Nyctimystes infrafrenatus","['Indonesia']","","Y","single introduced sp. possibly hybridizing with multiple resident ones","No Data Available",0,0,0,"           NaN"
"253","Nyctimystes fluviatilis","Nyctimystes infrafrenatus","['Indonesia']","","Y","single introduced sp. possibly hybridizing with multiple resident ones","No Data Available",0,0,0,"           NaN"
"254","Nyctimystes granti","Nyctimystes infrafrenatus","['Indonesia']","","Y","single introduced sp. possibly hybridizing with multiple resident ones","No Data Available",0,0,0,"           NaN"
"255","Nyctimystes humeralis","Nyctimystes infrafrenatus","['Indonesia']","","Y","single introduced sp. possibly hybridizing with multiple resident ones","No Data Available",0,0,0,"           NaN"
"256","Nyctimystes lubisi","Nyctimystes infrafrenatus","['Indonesia']","","Y","single introduced sp. possibly hybridizing with multiple resident ones","No Data Available",0,0,0,"           NaN"
"257","Nyctimystes montanus","Nyctimystes infrafrenatus","['Indonesia']","","Y","single introduced sp. possibly hybridizing with multiple resident ones","No Data Available",0,0,0,"           NaN"
"258","Nyctimystes multicolor","Nyctimystes infrafrenatus","['Indonesia']","","Y","single introduced sp. possibly hybridizing with multiple resident ones","No Data Available",0,0,0,"           NaN"
"259","Nyctimystes narinosus","Nyctimystes infrafrenatus","['Indonesia']","","Y","single introduced sp. possibly hybridizing with multiple resident ones","No Data Available",0,0,0,"           NaN"
"260","Nyctimystes pulcher","Nyctimystes infrafrenatus","['Indonesia']","","Y","single introduced sp. possibly hybridizing with multiple resident ones","No Data Available",0,0,0,"           NaN"
"261","Nyctimystes purpureolatus","Nyctimystes infrafrenatus","['Indonesia']","","Y","single introduced sp. possibly hybridizing with multiple resident ones","No Data Available",0,0,0,"           NaN"
"262","Nyctimystes sanguinolenta","Nyctimystes infrafrenatus","['Indonesia']","","Y","single introduced sp. possibly hybridizing with multiple resident ones","No Data Available",0,0,0,"           NaN"
"263","Nyctimystes tenuigranulata","Nyctimystes infrafrenatus","['Indonesia']","","Y","single introduced sp. possibly hybridizing with multiple resident ones","No Data Available",0,0,0,"           NaN"
"264","Osteopilus dominicensis","Osteopilus septentrionalis","[' Haiti']","","Y","single introduced sp. possibly hybridizing with multiple resident ones","Zero or Negative Overlap",83489441969.7067,344034043601.372,0,"  0.0000000000"
"265","Osteopilus pulchrilineatus","Osteopilus septentrionalis","[' Haiti']","","Y","single introduced sp. possibly hybridizing with multiple resident ones","Zero or Negative Overlap",33037147132.3113,344034043601.372,0,"  0.0000000000"
"266","Osteopilus septentrionalis","Osteopilus septentrionalis","[' Virgin Islands']","","Y","Introduced is the same as the resident","No Issue",344034043601.372,344034043601.372,344034043601.381,"100.0000000000"
"267","Osteopilus vastus","Osteopilus septentrionalis","[' Haiti']","","Y","single introduced sp. possibly hybridizing with multiple resident ones","Zero or Negative Overlap",26300864481.4244,344034043601.372,0,"  0.0000000000"
"268","Pelophylax fukienensis","Pelophylax ridibundus","["" People's Republic of""]","","","single introduced sp. possibly hybridizing with multiple resident ones","Zero or Negative Overlap",542688642318.916,17095691749752.7,0,"  0.0000000000"
"269","Pelophylax lessonae","Pelophylax ridibundus","[' Italy', ' Switzerland']","","","single introduced sp. possibly hybridizing with multiple resident ones","No Issue",10815313879287.2,17095691749752.7,9887855710676.36," 91.4245838913"
"270","Pelophylax mongolius","Pelophylax ridibundus","["" People's Republic of""]","","","single introduced sp. possibly hybridizing with multiple resident ones","No Data Available",0,0,0,"           NaN"
"271","Pelophylax nigromaculatus","Pelophylax ridibundus","["" People's Republic of""]","","","single introduced sp. possibly hybridizing with multiple resident ones","Zero or Negative Overlap",6934779945958.47,17095691749752.7,0,"  0.0000000000"
"272","Pelophylax perezi","Pelophylax ridibundus","[' Spain']","","","single introduced sp. possibly hybridizing with multiple resident ones","No Issue",1128755482176.36,17095691749752.7,3520230401.61535,"  0.3118682883"
"273","Pelophylax perezi","Pelophylax saharicus","['France', ' Spain']","","N","","No Issue",1128755482176.36,1936642272786.38,1968641086.21994,"  0.1744081085"
"274","Pelophylax plancyi","Pelophylax ridibundus","["" People's Republic of""]","","","single introduced sp. possibly hybridizing with multiple resident ones","Zero or Negative Overlap",1092397743725.71,17095691749752.7,0,"  0.0000000000"
"275","Pelophylax ridibundus","Pelophylax ridibundus","[' Italy', ' Switzerland']","","Y","same species both resident and introduced","No Issue",17095691749752.7,17095691749752.7,17095691749757.3,"100.0000000000"
"276","Pelophylax saharicus","Pelophylax ridibundus","[' Spain']","","","single introduced sp. possibly hybridizing with multiple resident ones","Zero or Negative Overlap",1936642272786.38,17095691749752.7,0,"  0.0000000000"
"277","Pelophylax saharicus","Pelophylax saharicus","[' Spain']","","Y","same species both resident and introduced","No Issue",1936642272786.38,1936642272786.38,1936642272786.38,"100.0000000000"
"278","Phyllodytes acuminatus","Phyllodytes luteolus","['Brazil']","","","single introduced sp. possibly hybridizing with multiple resident ones","No Issue",17913602098.2083,101580432334.396,4569934763.12196," 25.5109761737"
"279","Phyllodytes amadoi","Phyllodytes luteolus","['Brazil']","","","single introduced sp. possibly hybridizing with multiple resident ones","No Issue",23070198.7984701,101580432334.396,23070198.7984704,"100.0000000000"
"280","Phyllodytes brevirostris","Phyllodytes luteolus","['Brazil']","","","single introduced sp. possibly hybridizing with multiple resident ones","No Issue",5956175255.73184,101580432334.396,208637276.333464,"  3.5028733604"
"281","Phyllodytes edelmoi","Phyllodytes luteolus","['Brazil']","","","single introduced sp. possibly hybridizing with multiple resident ones","No Issue",18032274457.9287,101580432334.396,5200871731.72269," 28.8420173720"
"282","Phyllodytes gyrinaethes","Phyllodytes luteolus","['Brazil']","","","single introduced sp. possibly hybridizing with multiple resident ones","No Issue",2259692988.48332,101580432334.396,965080748.551016," 42.7084897581"
"283","Phyllodytes iuna","Phyllodytes luteolus","['Brazil']","","","single introduced sp. possibly hybridizing with multiple resident ones","No Data Available",0,0,0,"           NaN"
"284","Phyllodytes kautskyi","Phyllodytes luteolus","['Brazil']","","","single introduced sp. possibly hybridizing with multiple resident ones","No Issue",81386056477.1341,101580432334.396,60050327976.2547," 73.7845407132"
"285","Phyllodytes luteolus","Phyllodytes luteolus","['Brazil']","","Y","same species both resident and introduced","No Issue",101580432334.396,101580432334.396,101580432334.388,"100.0000000000"
"286","Phyllodytes maculosus","Phyllodytes luteolus","['Brazil']","","","single introduced sp. possibly hybridizing with multiple resident ones","No Issue",17428041607.0217,101580432334.396,17262950654.076," 99.0527280307"
"287","Phyllodytes magnus","Phyllodytes luteolus","['Brazil']","","","single introduced sp. possibly hybridizing with multiple resident ones","No Issue",41843866142.2753,101580432334.396,30530020119.1584," 72.9617574422"
"288","Phyllodytes megatympanum","Phyllodytes luteolus","['Brazil']","","","single introduced sp. possibly hybridizing with multiple resident ones","No Issue",22039608090.7771,101580432334.396,21498741122.4487," 97.5459320052"
"289","Phyllodytes melanomystax","Phyllodytes luteolus","['Brazil']","","","single introduced sp. possibly hybridizing with multiple resident ones","No Issue",43506825844.4646,101580432334.396,26761185376.4299," 61.5103144323"
"290","Phyllodytes praeceptor","Phyllodytes luteolus","['Brazil']","","","single introduced sp. possibly hybridizing with multiple resident ones","No Issue",17895174776.9547,101580432334.396,15010923311.5588," 83.8825186043"
"291","Phyllodytes punctatus","Phyllodytes luteolus","['Brazil']","","","single introduced sp. possibly hybridizing with multiple resident ones","Zero or Negative Overlap",1015043957.89124,101580432334.396,0,"  0.0000000000"
"292","Phyllodytes tuberculosus","Phyllodytes luteolus","['Brazil']","","","single introduced sp. possibly hybridizing with multiple resident ones","No Issue",7682229375.68738,101580432334.396,2761830840.48085," 35.9509031222"
"293","Phyllodytes wuchereri","Phyllodytes luteolus","['Brazil']","","","single introduced sp. possibly hybridizing with multiple resident ones","No Issue",74759353998.256,101580432334.396,53304939869.7337," 71.3020338177"
"294","Polypedates iskandari","Polypedates leucomystax","['Indonesia']","","","single introduced sp. possibly hybridizing with multiple resident ones","No Issue",49044290406.972,4134193220442.37,48883559422.9561," 99.6722738107"
"295","Polypedates macrotis","Polypedates leucomystax","[' Philippines']","","","single introduced sp. possibly hybridizing with multiple resident ones","No Issue",1056410768392.68,4134193220442.37,805328957814.231," 76.2325585756"
"296","Polypedates pseudotilophus","Polypedates leucomystax","['Indonesia']","","","single introduced sp. possibly hybridizing with multiple resident ones","No Issue",16731411134.0596,4134193220442.37,15389436692.9162," 91.9793110671"
"297","Ranoidea alboguttata","Ranoidea cyclorhynchus","['Australia']","","","single introduced sp. possibly hybridizing with multiple resident ones","No Data Available",0,0,0,"           NaN"
"298","Ranoidea andiirrmalin","Ranoidea cyclorhynchus","['Australia']","","","single introduced sp. possibly hybridizing with multiple resident ones","No Data Available",0,0,0,"           NaN"
"299","Ranoidea aurea","Ranoidea cyclorhynchus","['Australia']","","","single introduced sp. possibly hybridizing with multiple resident ones","No Data Available",0,0,0,"           NaN"
"300","Ranoidea australis","Ranoidea cyclorhynchus","['Australia']","","","single introduced sp. possibly hybridizing with multiple resident ones","No Data Available",0,0,0,"           NaN"
"301","Ranoidea barringtonensis","Ranoidea cyclorhynchus","['Australia']","","","single introduced sp. possibly hybridizing with multiple resident ones","No Data Available",0,0,0,"           NaN"
"302","Ranoidea bella","Ranoidea cyclorhynchus","['Australia']","","","single introduced sp. possibly hybridizing with multiple resident ones","No Data Available",0,0,0,"           NaN"
"303","Ranoidea booroolongensis","Ranoidea cyclorhynchus","['Australia']","","","single introduced sp. possibly hybridizing with multiple resident ones","No Data Available",0,0,0,"           NaN"
"304","Ranoidea brevipes","Ranoidea cyclorhynchus","['Australia']","","","single introduced sp. possibly hybridizing with multiple resident ones","No Data Available",0,0,0,"           NaN"
"305","Ranoidea caerulea","Ranoidea cyclorhynchus","['Australia']","","","single introduced sp. possibly hybridizing with multiple resident ones","No Data Available",0,0,0,"           NaN"
"306","Ranoidea cavernicola","Ranoidea cyclorhynchus","['Australia']","","","single introduced sp. possibly hybridizing with multiple resident ones","No Data Available",0,0,0,"           NaN"
"307","Ranoidea chloris","Ranoidea cyclorhynchus","['Australia']","","","single introduced sp. possibly hybridizing with multiple resident ones","No Data Available",0,0,0,"           NaN"
"308","Ranoidea citropa","Ranoidea cyclorhynchus","['Australia']","","","single introduced sp. possibly hybridizing with multiple resident ones","No Data Available",0,0,0,"           NaN"
"309","Ranoidea cryptotis","Ranoidea cyclorhynchus","['Australia']","","","single introduced sp. possibly hybridizing with multiple resident ones","No Data Available",0,0,0,"           NaN"
"310","Ranoidea cultripes","Ranoidea cyclorhynchus","['Australia']","","","single introduced sp. possibly hybridizing with multiple resident ones","No Data Available",0,0,0,"           NaN"
"311","Ranoidea cyclorhynchus","Ranoidea cyclorhynchus","['Australia']","","Y","same species both resident and introduced","No Data Available",0,0,0,"           NaN"
"312","Ranoidea dahlii","Ranoidea cyclorhynchus","['Australia']","","","single introduced sp. possibly hybridizing with multiple resident ones","No Data Available",0,0,0,"           NaN"
"313","Ranoidea daviesae","Ranoidea cyclorhynchus","['Australia']","","","single introduced sp. possibly hybridizing with multiple resident ones","No Data Available",0,0,0,"           NaN"
"314","Ranoidea dayi","Ranoidea cyclorhynchus","['Australia']","","","single introduced sp. possibly hybridizing with multiple resident ones","No Data Available",0,0,0,"           NaN"
"315","Ranoidea eucnemis","Ranoidea cyclorhynchus","['Australia']","","","single introduced sp. possibly hybridizing with multiple resident ones","No Data Available",0,0,0,"           NaN"
"316","Ranoidea gilleni","Ranoidea cyclorhynchus","['Australia']","","","single introduced sp. possibly hybridizing with multiple resident ones","No Data Available",0,0,0,"           NaN"
"317","Ranoidea gracilenta","Ranoidea cyclorhynchus","['Australia']","","","single introduced sp. possibly hybridizing with multiple resident ones","No Data Available",0,0,0,"           NaN"
"318","Ranoidea jungguy","Ranoidea cyclorhynchus","['Australia']","","","single introduced sp. possibly hybridizing with multiple resident ones","No Data Available",0,0,0,"           NaN"
"319","Ranoidea kroombitensis","Ranoidea cyclorhynchus","['Australia']","","","single introduced sp. possibly hybridizing with multiple resident ones","No Data Available",0,0,0,"           NaN"
"320","Ranoidea lesueuri","Ranoidea cyclorhynchus","['Australia']","","","single introduced sp. possibly hybridizing with multiple resident ones","No Data Available",0,0,0,"           NaN"
"321","Ranoidea longipes","Ranoidea cyclorhynchus","['Australia']","","","single introduced sp. possibly hybridizing with multiple resident ones","No Data Available",0,0,0,"           NaN"
"322","Ranoidea lorica","Ranoidea cyclorhynchus","['Australia']","","","single introduced sp. possibly hybridizing with multiple resident ones","No Data Available",0,0,0,"           NaN"
"323","Ranoidea maculosa","Ranoidea cyclorhynchus","['Australia']","","","single introduced sp. possibly hybridizing with multiple resident ones","No Data Available",0,0,0,"           NaN"
"324","Ranoidea maini","Ranoidea cyclorhynchus","['Australia']","","","single introduced sp. possibly hybridizing with multiple resident ones","No Data Available",0,0,0,"           NaN"
"325","Ranoidea manya","Ranoidea cyclorhynchus","['Australia']","","","single introduced sp. possibly hybridizing with multiple resident ones","No Data Available",0,0,0,"           NaN"
"326","Ranoidea moorei","Ranoidea cyclorhynchus","['Australia']","","","single introduced sp. possibly hybridizing with multiple resident ones","No Data Available",0,0,0,"           NaN"
"327","Ranoidea myola","Ranoidea cyclorhynchus","['Australia']","","","single introduced sp. possibly hybridizing with multiple resident ones","No Data Available",0,0,0,"           NaN"
"328","Ranoidea nannotis","Ranoidea cyclorhynchus","['Australia']","","","single introduced sp. possibly hybridizing with multiple resident ones","No Data Available",0,0,0,"           NaN"
"329","Ranoidea novaehollandiae","Ranoidea cyclorhynchus","['Australia']","","","single introduced sp. possibly hybridizing with multiple resident ones","No Data Available",0,0,0,"           NaN"
"330","Ranoidea nudidigita","Ranoidea cyclorhynchus","['Australia']","AN","N","","No Data Available",0,0,0,"           NaN"
"331","Ranoidea nyakalensis","Ranoidea cyclorhynchus","['Australia']","AN","N","","No Data Available",0,0,0,"           NaN"
"332","Ranoidea occidentalis","Ranoidea cyclorhynchus","['Australia']","AN","N","","No Data Available",0,0,0,"           NaN"
"333","Ranoidea pearsoniana","Ranoidea cyclorhynchus","['Australia']","AN","N","","No Data Available",0,0,0,"           NaN"
"334","Ranoidea piperata","Ranoidea cyclorhynchus","['Australia']","AN","N","","No Data Available",0,0,0,"           NaN"
"335","Ranoidea platycephala","Ranoidea cyclorhynchus","['Australia']","AN","N","","No Data Available",0,0,0,"           NaN"
"336","Ranoidea raniformis","Ranoidea cyclorhynchus","['Australia']","AN","N","","No Data Available",0,0,0,"           NaN"
"337","Ranoidea rheocola","Ranoidea cyclorhynchus","['Australia']","AN","N","","No Data Available",0,0,0,"           NaN"
"338","Ranoidea serrata","Ranoidea cyclorhynchus","['Australia']","AN","N","","No Data Available",0,0,0,"           NaN"
"339","Ranoidea spenceri","Ranoidea cyclorhynchus","['Australia']","AN","N","","No Data Available",0,0,0,"           NaN"
"340","Ranoidea splendida","Ranoidea cyclorhynchus","['Australia']","AN","N","","No Data Available",0,0,0,"           NaN"
"341","Ranoidea subglandulosa","Ranoidea cyclorhynchus","['Australia']","AN","N","","No Data Available",0,0,0,"           NaN"
"342","Ranoidea vagitus","Ranoidea cyclorhynchus","['Australia']","AN","N","","No Data Available",0,0,0,"           NaN"
"343","Ranoidea verrucosa","Ranoidea cyclorhynchus","['Australia']","AN","N","","No Data Available",0,0,0,"           NaN"
"344","Ranoidea wilcoxii","Ranoidea cyclorhynchus","['Australia']","AN","N","","No Data Available",0,0,0,"           NaN"
"345","Ranoidea xanthomera","Ranoidea cyclorhynchus","['Australia']","AN","N","","No Data Available",0,0,0,"           NaN"
"346","Rhinella achavali","Rhinella diptycha","['Brazil']","AN","N","","No Issue",329723367487.502,7012967411334.51,173192899985.6," 52.5267290897"
"347","Rhinella acutirostris","Rhinella diptycha","['Brazil']","AN","N","","Zero or Negative Overlap",1178669973746.74,7012967411334.51,0,"  0.0000000000"
"348","Rhinella casconi","Rhinella diptycha","['Brazil']","AN","N","","No Issue",304076943.113837,7012967411334.51,304076943.113764,"100.0000000000"
"349","Rhinella castaneotica","Rhinella diptycha","['Brazil']","AN","N","","No Issue",2554152631657.91,7012967411334.51,2113428584.24215,"  0.0827448038"
"350","Rhinella cerradensis","Rhinella diptycha","['Brazil']","AN","N","","No Issue",2189424567435.21,7012967411334.51,2185386301747.37," 99.8155558429"
"351","Rhinella crucifer","Rhinella diptycha","['Brazil']","AN","N","","No Issue",1362531562480.84,7012967411334.51,1359588169052.32," 99.7839761287"
"352","Rhinella dapsilis","Rhinella diptycha","['Brazil']","AN","N","","No Issue",696132752433.167,7012967411334.51,43683609694.3394,"  6.2751837982"
"353","Rhinella granulosa","Rhinella diptycha","['Brazil']","AN","N","","No Issue",1259341086032.12,7012967411334.51,1258108784864.17," 99.9021471481"
"354","Rhinella henseli","Rhinella diptycha","['Brazil']","AN","N","","No Issue",271642381964.762,7012967411334.51,260312019559.09," 95.8289415946"
"355","Rhinella hoogmoedi","Rhinella diptycha","['Brazil']","AN","N","","No Issue",196886550068.402,7012967411334.51,196693114035.595," 99.9017525409"
"356","Rhinella horribilis","Rhinella marina","[' United States of America']","AN","Y (USA); but its R. marina","","No Issue",2059126043019.43,9663625664866.72,18019929.928435,"  0.0008751252"
"357","Rhinella icterica","Rhinella diptycha","['Brazil']","AN","N","","No Issue",811259128795.792,7012967411334.51,773224474198.902," 95.3116515739"
"358","Rhinella inopina","Rhinella diptycha","['Brazil']","AN","N","","No Issue",47415026537.2805,7012967411334.51,47415026537.2812,"100.0000000000"
"359","Rhinella lescurei","Rhinella diptycha","['Brazil']","AN","N","","Zero or Negative Overlap",61383319015.0208,7012967411334.51,0,"  0.0000000000"
"360","Rhinella magnussoni","Rhinella diptycha","['Brazil']","AN","N","","Zero or Negative Overlap",17301923362.3454,7012967411334.51,0,"  0.0000000000"
"361","Rhinella margaritifera","Rhinella diptycha","['Brazil']","AN","N","","No Issue",7637760990393.69,7012967411334.51,1259772762295.97," 16.4940060822"
"362","Rhinella martyi","Rhinella diptycha","['Brazil']","AN","N","","No Data Available",0,0,0,"           NaN"
"363","Rhinella merianae","Rhinella diptycha","['Brazil']","AN","N","","Zero or Negative Overlap",594663001003.275,7012967411334.51,0,"  0.0000000000"
"364","Rhinella nattereri","Rhinella diptycha","['Brazil']","AN","N","","Zero or Negative Overlap",274004057.620132,7012967411334.51,0,"  0.0000000000"
"365","Rhinella ocellata","Rhinella diptycha","['Brazil']","AN","N","","No Issue",2028272269911.96,7012967411334.51,1838092741196.02," 90.6235700435"
"366","Rhinella ornata","Rhinella diptycha","['Brazil']","AN","N","","No Issue",526988232195.767,7012967411334.51,498207471059.008," 94.5386330513"
"367","Rhinella parecis","Rhinella diptycha","['Brazil']","AN","N","","No Data Available",0,0,0,"           NaN"
"368","Rhinella proboscidea","Rhinella diptycha","['Brazil']","AN","N","","Zero or Negative Overlap",437789143899.358,7012967411334.51,0,"  0.0000000000"
"369","Rhinella pygmaea","Rhinella diptycha","['Brazil']","AN","N","","No Issue",40052114637.1963,7012967411334.51,39799930853.7671," 99.3703608768"
"370","Rhinella rubescens","Rhinella diptycha","['Brazil']","AN","N","","No Issue",1265935130854.53,7012967411334.51,1265935130854.54,"100.0000000000"
"371","Rhinella sebbeni","Rhinella diptycha","['Brazil']","AN","N","","No Issue",32347373538.2878,7012967411334.51,32347373538.2877,"100.0000000000"
"372","Rhinella veredas","Rhinella diptycha","['Brazil']","AN","N","","No Issue",172850140441.094,7012967411334.51,172850140441.096,"100.0000000000"
"373","Speleomantes strinatii","Speleomantes ambrosii","['France']","AN","N","","Zero or Negative Overlap",21545689636.023,1122115770.56704,0,"  0.0000000000"
"374","Speleomantes strinatii","Speleomantes strinatii","['France']","AN","Y (same)","","No Issue",21545689636.023,21545689636.023,21545689636.0229,"100.0000000000"
"375","Telmatobius arequipensis","Telmatobius macrostomus","['Peru']","AN","N","","Zero or Negative Overlap",22432696839.8209,4458375333.96834,0,"  0.0000000000"
"376","Telmatobius atahualpai","Telmatobius macrostomus","['Peru']","AN","N","","Zero or Negative Overlap",5983226252.62413,4458375333.96834,0,"  0.0000000000"
"377","Telmatobius brachydactylus","Telmatobius macrostomus","['Peru']","AN","N","","No Issue",3570393825.29928,4458375333.96834,2576900588.8674," 72.1741274200"
"378","Telmatobius brevipes","Telmatobius macrostomus","['Peru']","AN","N","","Zero or Negative Overlap",8920096730.59213,4458375333.96834,0,"  0.0000000000"
"379","Telmatobius brevirostris","Telmatobius macrostomus","['Peru']","AN","N","","Zero or Negative Overlap",1130581642.77306,4458375333.96834,0,"  0.0000000000"
"380","Telmatobius carrillae","Telmatobius macrostomus","['Peru']","AN","N","","No Issue",15561163203.9632,4458375333.96834,1808774252.2951," 11.6236442520"
"381","Telmatobius colanensis","Telmatobius macrostomus","['Peru']","AN","N","","Zero or Negative Overlap",10409567.5284673,4458375333.96834,0,"  0.0000000000"
"382","Telmatobius degener","Telmatobius macrostomus","['Peru']","AN","N","","Zero or Negative Overlap",10544519.8348807,4458375333.96834,0,"  0.0000000000"
"383","Telmatobius hockingi","Telmatobius macrostomus","['Peru']","AN","N","","Zero or Negative Overlap",10659694.5744372,4458375333.96834,0,"  0.0000000000"
"384","Telmatobius ignavus","Telmatobius macrostomus","['Peru']","AN","N","","Zero or Negative Overlap",512478260.118357,4458375333.96834,0,"  0.0000000000"
"385","Telmatobius intermedius","Telmatobius macrostomus","['Peru']","AN","N","","Zero or Negative Overlap",83715753.4793998,4458375333.96834,0,"  0.0000000000"
"386","Telmatobius jelskii","Telmatobius macrostomus","['Peru']","AN","N","","No Issue",37926200950.2242,4458375333.96834,859102823.357603,"  2.2651960962"
"387","Telmatobius latirostris","Telmatobius macrostomus","['Peru']","AN","N","","Zero or Negative Overlap",108583337.346039,4458375333.96834,0,"  0.0000000000"
"388","Telmatobius macrostomus","Telmatobius macrostomus","['Peru']","AN","Y (Same)","","No Issue",4458375333.96834,4458375333.96834,4458375336.00471,"100.0000000457"
"389","Telmatobius mantaro","Telmatobius macrostomus","['Peru']","AN","N","","No Data Available",0,0,0,"           NaN"
"390","Telmatobius mayoloi","Telmatobius macrostomus","['Peru']","AN","N","","Zero or Negative Overlap",514516439.693531,4458375333.96834,0,"  0.0000000000"
"391","Telmatobius mendelsoni","Telmatobius macrostomus","['Peru']","AN","N","","Zero or Negative Overlap",132469863.338314,4458375333.96834,0,"  0.0000000000"
"392","Telmatobius necopinus","Telmatobius macrostomus","['Peru']","AN","N","","Zero or Negative Overlap",10438160.8231568,4458375333.96834,0,"  0.0000000000"
"393","Telmatobius punctatus","Telmatobius macrostomus","['Peru']","AN","N","","Zero or Negative Overlap",626779387.788002,4458375333.96834,0,"  0.0000000000"
"394","Telmatobius rimac","Telmatobius macrostomus","['Peru']","AN","N","","Zero or Negative Overlap",16596005020.7182,4458375333.96834,0,"  0.0000000000"
"395","Telmatobius thompsoni","Telmatobius macrostomus","['Peru']","AN","N","","Zero or Negative Overlap",10544521.7284156,4458375333.96834,0,"  0.0000000000"
"396","Telmatobius truebae","Telmatobius macrostomus","['Peru']","AN","N","","Zero or Negative Overlap",3689565390.35381,4458375333.96834,0,"  0.0000000000"
"397","Telmatobius ventriflavum","Telmatobius macrostomus","['Peru']","AN","N","","Zero or Negative Overlap",5546227.82637875,4458375333.96834,0,"  0.0000000000"
"398","Triturus carnifex","Triturus carnifex","[' Switzerland']","AN","Y (Same)","","No Issue",661493234994.354,661493234994.354,661493234994.335,"100.0000000000"
"399","Triturus cristatus","Triturus carnifex","[' France', ' Netherlands', ' Switzerland', ' United Kingdom']","AN","N","","No Issue",12886022688458.6,661493234994.354,14055103504.0653,"  0.1090724721"
